sentiments,tweets
attack,147.32.86.58
attack,147.32.84.59
attack,147.32.84.59
attack,147.32.86.134
attack,147.32.85.26
attack,147.32.84.59
attack,220.181.94.226
attack,147.32.85.20
attack,147.32.86.96
attack,147.32.84.59
attack,147.32.86.20
attack,147.32.86.134
attack,147.32.85.20
attack,147.32.84.170
attack,147.32.85.20
attack,147.32.85.20
attack,147.32.85.20
attack,147.32.84.59
attack,147.32.84.59
attack,147.32.86.20
attack,147.32.84.59
attack,147.32.85.20
attack,147.32.86.20
attack,147.32.85.60
attack,147.32.85.20
attack,147.32.85.60
attack,147.32.85.60
attack,147.32.85.20
attack,147.32.85.60
attack,147.32.85.60
attack,147.32.85.60
attack,147.32.85.60
attack,67.195.114.49
attack,147.32.85.20
attack,147.32.85.60
attack,147.32.85.60
attack,147.32.85.60
attack,147.32.85.60
attack,147.32.85.60
attack,147.32.85.60
attack,147.32.85.60
attack,147.32.85.60
attack,147.32.85.60
attack,147.32.85.60
attack,147.32.85.60
attack,147.32.85.60
attack,147.32.85.60
attack,147.32.85.60
attack,147.32.85.60
attack,147.32.84.59
attack,147.32.85.60
attack,147.32.85.60
attack,147.32.85.20
attack,147.32.85.20
attack,147.32.85.20
attack,147.32.86.20
attack,67.195.114.49
attack,147.32.85.60
attack,147.32.85.60
attack,147.32.85.20
attack,147.32.85.60
attack,147.32.85.20
attack,147.32.85.20
attack,147.32.84.59
attack,147.32.86.89
attack,147.32.84.59
attack,147.32.85.20
attack,147.32.85.20
attack,147.32.86.194
attack,147.32.86.194
attack,147.32.86.53
attack,147.32.86.194
attack,147.32.86.194
attack,147.32.86.194
attack,147.32.86.194
attack,147.32.86.53
attack,147.32.86.53
attack,147.32.86.53
attack,147.32.84.59
attack,147.32.86.194
attack,147.32.86.194
attack,147.32.86.20
attack,147.32.84.59
attack,147.32.86.194
attack,147.32.86.194
attack,147.32.86.194
attack,147.32.86.20
attack,147.32.85.60
attack,147.32.85.60
attack,147.32.85.60
attack,147.32.85.60
attack,147.32.85.60
attack,147.32.85.60
attack,147.32.85.60
attack,147.32.85.60
attack,147.32.85.60
attack,147.32.85.60
attack,147.32.85.60
attack,147.32.85.60
attack,147.32.85.60
attack,147.32.85.60
attack,147.32.85.60
attack,147.32.85.60
attack,147.32.85.60
attack,147.32.85.60
attack,147.32.85.60
attack,147.32.85.60
attack,147.32.85.60
attack,147.32.85.60
attack,147.32.85.60
attack,147.32.85.60
attack,147.32.85.60
attack,147.32.85.60
attack,147.32.85.60
attack,147.32.85.60
attack,147.32.85.60
attack,147.32.86.122
attack,147.32.86.194
attack,147.32.85.60
attack,202.59.157.38
attack,147.32.85.60
attack,147.32.86.194
attack,147.32.84.59
attack,147.32.85.60
attack,147.32.85.60
attack,147.32.85.60
attack,147.32.84.59
attack,67.195.114.49
attack,147.32.86.20
attack,147.32.84.59
attack,147.32.86.194
attack,147.32.86.20
attack,147.32.85.60
attack,147.32.85.60
attack,147.32.85.60
attack,147.32.85.60
attack,147.32.85.60
attack,147.32.84.59
attack,147.32.84.59
attack,147.32.84.59
attack,147.32.84.59
attack,147.32.84.59
attack,147.32.84.59
attack,147.32.84.59
attack,147.32.84.59
attack,147.32.84.59
attack,147.32.84.59
attack,147.32.84.59
attack,147.32.84.59
attack,147.32.84.59
attack,147.32.84.59
attack,147.32.86.58
attack,147.32.84.59
attack,147.32.84.59
attack,147.32.86.53
attack,147.32.84.59
attack,147.32.84.59
attack,147.32.84.59
attack,147.32.86.122
attack,147.32.86.122
attack,147.32.84.59
attack,147.32.86.122
attack,67.195.111.228
attack,147.32.84.59
attack,147.32.86.20
attack,147.32.84.59
attack,147.32.84.59
attack,147.32.84.59
attack,147.32.84.59
attack,147.32.84.59
attack,147.32.84.59
attack,194.108.204.22
attack,147.32.86.20
attack,147.32.86.181
attack,147.32.84.59
attack,147.32.86.53
attack,66.249.66.211
attack,147.32.86.194
attack,147.32.86.194
attack,147.32.86.194
attack,147.32.84.59
attack,147.32.86.135
attack,147.32.84.59
attack,66.249.66.41
attack,147.32.86.20
attack,147.32.84.59
attack,147.32.85.20
attack,147.32.84.59
attack,147.32.86.20
attack,147.32.86.122
attack,147.32.86.122
attack,147.32.86.122
attack,147.32.86.122
attack,147.32.85.117
attack,147.32.86.20
attack,147.32.85.76
attack,147.32.84.59
attack,147.32.84.59
attack,147.32.86.155
attack,147.32.86.155
attack,147.32.86.155
attack,147.32.86.155
attack,147.32.86.155
attack,147.32.84.59
attack,147.32.84.59
attack,147.32.84.59
attack,147.32.84.59
attack,66.249.66.211
attack,147.32.84.59
attack,147.32.84.59
attack,147.32.86.194
attack,147.32.86.20
attack,147.32.86.194
attack,147.32.86.194
attack,147.32.86.89
attack,147.32.86.194
attack,147.32.85.20
attack,147.32.86.194
attack,194.108.204.22
attack,147.32.85.20
attack,147.32.86.194
attack,147.32.84.59
attack,147.32.84.59
attack,147.32.84.59
attack,147.32.86.194
attack,147.32.84.59
attack,147.32.86.194
attack,147.32.84.59
attack,147.32.85.20
attack,147.32.86.122
attack,147.32.86.20
attack,147.32.86.135
attack,147.32.86.122
attack,147.32.84.59
attack,147.32.85.117
attack,147.32.85.117
attack,67.195.115.177
attack,147.32.85.20
attack,147.32.86.155
attack,147.32.84.59
attack,66.249.72.180
attack,14.208.82.74
attack,147.32.86.194
attack,220.181.108.79
attack,66.249.71.135
attack,147.32.84.59
attack,147.32.86.155
attack,147.32.86.102
attack,59.34.135.67
attack,147.32.86.134
attack,147.32.86.102
attack,147.32.86.102
attack,147.32.86.122
attack,147.32.86.20
attack,147.32.86.194
attack,147.32.85.60
attack,212.170.156.80
attack,212.170.156.80
attack,147.32.85.117
attack,147.32.86.20
attack,147.32.84.59
attack,66.249.66.187
attack,147.32.84.59
attack,147.32.86.20
attack,66.249.66.211
attack,147.32.84.59
attack,147.32.86.134
attack,147.32.86.155
attack,147.32.84.132
attack,147.32.84.132
attack,147.32.84.59
attack,147.32.86.20
attack,147.32.84.59
attack,147.32.84.59
attack,147.32.85.20
attack,147.32.86.155
attack,147.32.86.75
attack,67.195.115.23
attack,147.32.86.75
attack,147.32.86.75
attack,147.32.84.59
attack,147.32.86.122
attack,147.32.84.170
attack,147.32.84.59
attack,147.32.86.155
attack,147.32.86.194
attack,147.32.86.89
attack,147.32.84.59
attack,147.32.85.20
attack,147.32.86.20
attack,147.32.84.59
attack,147.32.86.194
attack,147.32.86.155
attack,147.32.84.59
attack,147.32.86.194
attack,147.32.86.20
attack,147.32.86.194
attack,66.249.66.41
attack,147.32.84.59
attack,147.32.86.155
attack,147.32.86.194
attack,67.195.111.228
attack,147.32.86.155
attack,66.249.66.211
attack,147.32.84.59
attack,147.32.85.20
attack,147.32.86.20
attack,147.32.86.155
attack,147.32.86.194
attack,66.249.66.250
attack,147.32.85.20
attack,147.32.86.122
attack,147.32.84.59
attack,147.32.84.59
attack,147.32.84.59
attack,147.32.86.194
attack,147.32.86.194
attack,147.32.86.194
attack,147.32.84.59
attack,147.32.85.20
attack,147.32.85.20
attack,147.32.84.59
attack,147.32.86.58
attack,147.32.85.20
attack,147.32.86.20
attack,147.32.86.20
attack,147.32.86.21
attack,147.32.86.22
attack,147.32.86.23
attack,147.32.86.24
attack,147.32.86.25
attack,147.32.86.26
attack,147.32.86.27
attack,147.32.86.28
attack,147.32.86.29
attack,147.32.86.30
attack,147.32.86.31
attack,147.32.86.32
attack,147.32.86.33
attack,147.32.86.34
attack,147.32.86.35
attack,147.32.86.36
attack,147.32.86.37
attack,147.32.86.38
attack,147.32.86.39
attack,147.32.86.40
attack,147.32.86.41
attack,147.32.86.42
attack,147.32.86.43
attack,147.32.86.44
attack,147.32.86.45
attack,147.32.86.46
attack,147.32.86.47
attack,147.32.86.48
attack,147.32.86.49
attack,147.32.86.50
attack,147.32.86.51
attack,147.32.86.52
attack,147.32.86.53
attack,147.32.86.54
attack,147.32.86.55
attack,147.32.86.56
attack,147.32.86.57
attack,147.32.86.58
attack,147.32.86.59
attack,147.32.86.60
attack,147.32.86.61
attack,147.32.86.62
attack,147.32.86.63
attack,147.32.86.64
attack,147.32.86.65
attack,147.32.86.66
attack,147.32.86.67
attack,147.32.86.68
attack,147.32.86.69
attack,147.32.86.70
attack,147.32.86.71
attack,147.32.86.72
attack,147.32.86.73
attack,147.32.86.74
attack,147.32.86.75
attack,147.32.86.76
attack,147.32.86.77
attack,147.32.86.78
attack,147.32.86.79
attack,147.32.86.80
attack,147.32.86.81
attack,147.32.86.82
attack,147.32.86.83
attack,147.32.86.84
attack,147.32.86.85
attack,147.32.86.86
attack,147.32.86.87
attack,147.32.86.88
attack,147.32.86.89
attack,147.32.86.90
attack,147.32.86.91
attack,147.32.86.92
attack,147.32.86.93
attack,147.32.86.94
attack,147.32.86.95
attack,147.32.86.96
attack,147.32.86.97
attack,147.32.86.98
attack,147.32.86.99
attack,147.32.86.100
attack,147.32.86.101
attack,147.32.86.102
attack,147.32.86.103
attack,147.32.86.104
attack,147.32.86.105
attack,147.32.86.106
attack,147.32.86.107
attack,147.32.86.108
attack,147.32.86.109
attack,147.32.86.110
attack,147.32.86.111
attack,147.32.86.112
attack,147.32.86.113
attack,147.32.86.114
attack,147.32.86.115
attack,147.32.86.116
attack,147.32.86.117
attack,147.32.86.118
attack,147.32.86.119
attack,147.32.86.120
attack,147.32.86.121
attack,147.32.86.122
attack,147.32.86.123
attack,147.32.86.124
attack,147.32.86.125
attack,147.32.86.126
attack,147.32.86.127
attack,147.32.86.128
attack,147.32.86.129
attack,147.32.86.130
attack,147.32.86.131
attack,147.32.86.132
attack,147.32.86.133
attack,147.32.86.134
attack,147.32.86.135
attack,147.32.86.136
attack,147.32.86.137
attack,147.32.86.138
attack,147.32.86.139
attack,147.32.86.140
attack,147.32.86.141
attack,147.32.86.142
attack,147.32.86.143
attack,147.32.86.144
attack,147.32.86.145
attack,147.32.86.146
attack,147.32.86.147
attack,147.32.86.148
attack,147.32.86.149
attack,147.32.86.150
attack,147.32.86.151
attack,147.32.86.152
attack,147.32.86.153
attack,147.32.86.154
attack,147.32.86.155
attack,147.32.86.156
attack,147.32.86.157
attack,147.32.86.158
attack,147.32.86.159
attack,147.32.86.160
attack,147.32.86.161
attack,147.32.86.162
attack,147.32.86.163
attack,147.32.86.164
attack,147.32.86.165
attack,147.32.86.166
attack,147.32.86.167
attack,147.32.86.168
attack,147.32.86.169
attack,147.32.86.170
attack,147.32.86.171
attack,147.32.86.172
attack,147.32.86.173
attack,147.32.86.174
attack,147.32.86.175
attack,147.32.86.176
attack,147.32.86.177
attack,147.32.86.178
attack,147.32.86.179
attack,147.32.86.180
attack,147.32.86.181
attack,147.32.86.182
attack,147.32.86.183
attack,147.32.86.184
attack,147.32.86.185
attack,147.32.86.186
attack,147.32.86.187
attack,147.32.86.188
attack,147.32.86.189
attack,147.32.86.190
attack,147.32.86.191
attack,147.32.86.192
attack,147.32.86.193
attack,147.32.86.194
attack,147.32.86.195
attack,147.32.86.196
attack,147.32.86.197
attack,147.32.86.198
attack,147.32.86.199
attack,147.32.86.200
attack,147.32.86.201
attack,147.32.86.202
attack,147.32.86.203
attack,147.32.86.204
attack,147.32.86.205
attack,147.32.86.206
attack,147.32.86.207
attack,147.32.86.208
attack,147.32.86.209
attack,147.32.86.210
attack,147.32.86.211
attack,147.32.86.212
attack,147.32.86.213
attack,147.32.86.214
attack,147.32.86.215
attack,147.32.86.216
attack,147.32.86.217
attack,147.32.86.218
attack,147.32.86.219
attack,147.32.86.220
attack,147.32.86.221
attack,147.32.86.222
attack,147.32.86.223
attack,147.32.86.224
attack,147.32.86.225
attack,147.32.86.226
attack,147.32.86.227
attack,147.32.86.228
attack,147.32.86.229
attack,147.32.86.230
attack,147.32.86.231
attack,147.32.86.232
attack,147.32.86.233
attack,147.32.86.234
attack,147.32.86.235
attack,147.32.86.236
normal,192.6.5.35
normal,192.6.5.36
normal,192.168.12.0
normal,192.168.12.1
normal,192.168.12.2
normal,192.168.12.3
normal,192.168.12.4
normal,192.168.12.5
normal,192.168.12.6
normal,192.168.12.7
normal,192.168.12.8
normal,192.168.12.9
normal,192.168.12.10
normal,192.168.12.11
normal,192.168.12.12
normal,192.168.12.13
normal,192.168.12.14
normal,192.168.12.15
normal,192.168.12.16
normal,192.168.12.17
normal,192.168.12.18
normal,192.168.12.19
normal,192.168.12.20
normal,192.168.12.21
normal,192.168.12.22
normal,192.168.12.23
normal,192.168.12.24
normal,192.168.12.25
normal,192.168.12.26
normal,192.168.12.27
normal,192.168.12.28
normal,192.168.12.29
normal,192.168.12.30
normal,192.168.12.31
normal,192.168.12.32
normal,192.168.12.33
normal,192.168.12.34
normal,192.168.12.35
normal,192.168.12.36
normal,192.168.12.37
normal,192.168.12.38
normal,192.168.12.39
normal,192.168.12.40
normal,192.168.12.41
normal,192.168.12.42
normal,192.168.12.43
normal,192.168.12.44
normal,192.168.12.45
normal,192.168.12.46
normal,192.168.12.47
normal,192.168.12.48
normal,192.168.12.49
normal,192.168.12.50
normal,192.168.12.51
normal,192.168.12.52
normal,192.168.12.53
normal,192.168.12.54
normal,192.168.12.55
normal,192.168.12.56
normal,192.168.12.57
normal,192.168.12.58
normal,192.168.12.59
normal,192.168.12.60
normal,192.168.12.61
normal,192.168.12.62
normal,192.168.12.63
normal,192.168.12.64
normal,192.168.12.65
normal,192.168.12.66
normal,192.168.12.67
normal,192.168.12.68
normal,192.168.12.69
normal,192.168.12.70
normal,192.168.12.71
normal,192.168.12.72
normal,192.168.12.73
normal,192.168.12.74
normal,192.168.12.75
normal,192.168.12.76
normal,192.168.12.77
normal,192.168.12.78
normal,192.168.12.79
normal,192.168.12.80
normal,192.168.12.81
normal,192.168.12.82
normal,192.168.12.83
normal,192.168.12.84
normal,192.168.12.85
normal,192.168.12.86
normal,192.168.12.87
normal,192.168.12.88
normal,192.168.12.89
normal,192.168.12.90
normal,192.168.12.91
normal,192.168.12.92
normal,192.168.12.93
normal,192.168.12.94
normal,192.168.12.95
normal,192.168.12.96
normal,192.168.12.97
normal,192.168.12.98
normal,192.168.12.99
normal,192.168.12.100
normal,192.168.12.101
normal,192.168.12.102
normal,192.168.12.103
normal,192.168.12.104
normal,192.168.12.105
normal,192.168.12.106
normal,192.168.12.107
normal,192.168.12.108
normal,192.168.12.109
normal,192.168.12.110
normal,192.168.12.111
normal,192.168.12.112
normal,192.168.12.113
normal,192.168.12.114
normal,192.168.12.115
normal,192.168.12.116
normal,192.168.12.117
normal,192.168.1.11
normal,192.168.2.11
normal,192.168.3.11
normal,192.168.4.1
normal,192.168.4.2
normal,192.168.4.3
normal,192.168.4.4
normal,192.168.4.5
normal,192.168.4.6
normal,192.168.4.7
normal,192.168.4.8
normal,192.168.4.9
normal,192.168.4.10
normal,192.168.4.11
normal,192.168.4.12
normal,192.168.4.13
normal,192.168.4.14
normal,192.168.4.15
normal,192.168.4.16
normal,192.168.4.17
normal,192.168.4.18
normal,192.168.4.19
normal,192.168.4.20
normal,192.168.4.21
normal,192.168.4.22
normal,192.168.4.23
normal,192.168.4.24
normal,192.168.4.25
normal,192.168.4.26
normal,192.168.4.27
normal,192.168.4.28
normal,192.168.4.29
normal,192.168.4.30
normal,192.168.4.31
normal,192.168.4.32
normal,192.168.4.33
normal,192.168.4.34
normal,192.168.4.35
normal,192.168.4.36
normal,192.168.4.37
normal,192.168.4.38
normal,192.168.4.39
normal,192.168.4.40
normal,192.168.4.41
normal,192.168.4.42
normal,192.168.4.43
normal,192.168.4.44
normal,192.168.4.45
normal,192.168.4.46
normal,192.168.4.47
normal,192.168.4.48
normal,192.168.4.49
normal,192.168.4.50
normal,192.168.4.51
normal,192.168.4.52
normal,192.168.4.53
normal,192.168.4.54
normal,192.168.4.55
normal,192.168.4.56
normal,192.168.4.57
normal,192.168.4.58
normal,192.168.4.59
normal,192.168.4.60
normal,192.168.4.61
normal,192.168.4.62
normal,192.168.4.63
normal,192.168.4.64
normal,192.168.4.65
normal,192.168.4.66
normal,192.168.4.67
normal,192.168.4.68
normal,192.168.4.69
normal,192.168.4.70
normal,192.168.4.71
normal,192.168.4.72
normal,192.168.4.73
normal,192.168.4.74
normal,192.168.4.75
normal,192.168.4.76
normal,192.168.4.77
normal,192.168.4.78
normal,192.168.4.79
normal,192.168.4.80
normal,192.168.4.81
normal,192.168.4.82
normal,192.168.4.83
normal,192.168.4.84
normal,192.168.4.85
normal,192.168.4.86
normal,192.168.4.87
normal,192.168.4.88
normal,192.168.4.89
normal,192.168.4.90
normal,192.168.4.91
normal,192.168.4.92
normal,192.168.4.93
normal,192.168.4.94
normal,192.168.4.95
normal,192.168.4.96
normal,192.168.4.97
normal,192.168.4.98
normal,192.168.4.99
normal,192.168.4.100
normal,192.168.4.101
normal,192.168.4.102
normal,192.168.4.103
normal,192.168.4.104
normal,192.168.4.105
normal,192.168.4.106
normal,192.168.4.107
normal,192.168.4.108
normal,192.168.4.109
normal,192.168.4.110
normal,192.168.4.111
normal,192.168.4.112
normal,192.168.4.113
normal,192.168.4.114
normal,192.168.4.115
normal,192.168.4.116
normal,192.168.4.117
normal,192.168.4.118
normal,192.168.4.119
normal,192.168.4.120
normal,192.168.4.121
normal,192.168.4.122
normal,192.168.4.123
normal,192.168.4.124
normal,192.168.4.125
normal,192.168.4.126
normal,192.168.4.127
normal,192.168.4.128
normal,192.168.4.129
normal,192.168.4.130
normal,192.168.4.131
normal,192.168.4.132
normal,192.168.4.133
normal,192.168.4.134
normal,192.168.4.135
normal,192.168.4.136
normal,192.168.4.137
normal,192.168.9.14
normal,192.168.9.15
normal,192.168.9.16
normal,192.168.9.17
normal,192.168.9.18
normal,192.168.9.19
normal,192.168.9.20
normal,192.168.9.21
normal,192.168.9.22
normal,192.168.9.23
normal,192.168.9.24
normal,192.168.9.25
normal,192.168.9.26
normal,192.168.9.27
normal,192.168.9.28
normal,192.168.9.29
normal,192.168.9.30
normal,192.168.9.31
normal,192.168.9.32
normal,192.168.9.33
normal,192.168.9.34
normal,192.168.9.35
normal,192.168.9.36
normal,192.168.9.37
normal,192.168.9.38
normal,192.168.9.39
normal,192.168.9.40
normal,192.168.9.41
normal,192.168.9.42
normal,192.168.9.43
normal,192.168.9.44
normal,192.168.9.45
normal,192.168.9.46
normal,192.168.9.47
normal,192.168.9.48
normal,192.168.9.49
normal,192.168.9.50
normal,192.168.9.51
normal,192.168.9.52
normal,192.167.5.2
normal,192.167.5.3
normal,192.167.5.4
normal,192.167.5.5
normal,192.167.5.6
normal,192.167.5.7
normal,192.167.5.8
normal,192.167.5.9
normal,192.167.5.10
normal,192.167.5.11
normal,192.167.5.12
normal,192.167.5.13
normal,192.167.5.14
normal,192.167.5.15
normal,192.167.5.16
normal,192.167.5.17
normal,192.167.5.18
normal,192.167.5.19
normal,192.167.5.20
normal,192.167.5.21
normal,192.167.5.22
normal,192.167.5.23
normal,192.167.5.24
normal,192.167.5.25
normal,192.167.5.26
normal,192.167.5.27
normal,192.167.5.28
normal,192.167.5.29
normal,192.167.5.30
normal,192.167.5.31
normal,192.167.5.32
normal,192.167.5.33
normal,192.167.5.34
normal,192.167.5.35
normal,192.167.5.36
normal,192.167.5.37
normal,192.167.5.38
normal,192.167.5.39
normal,192.167.5.40
normal,192.167.5.41
normal,192.167.5.42
normal,192.167.5.43
normal,192.167.5.44
normal,192.167.5.45
normal,192.167.5.46
normal,192.167.5.47
normal,192.167.5.48
normal,192.167.5.49
normal,192.167.5.50
normal,192.167.5.51
normal,192.167.5.52
normal,192.167.5.53
normal,192.167.5.54
normal,192.167.5.55
normal,192.167.5.56
normal,192.167.5.57
normal,192.167.5.58
normal,192.167.5.59
normal,192.167.5.60
normal,192.167.5.61
normal,192.167.5.62
normal,192.167.5.63
normal,192.167.5.64
normal,192.167.5.65
normal,192.167.5.66
normal,192.167.5.67
normal,192.167.5.68
normal,192.167.5.69
normal,192.167.5.70
normal,192.167.5.71
normal,192.167.5.72
normal,192.167.5.73
normal,192.167.5.74
normal,192.167.5.75
normal,192.167.5.76
normal,192.167.5.77
normal,192.167.5.78
normal,192.167.5.79
normal,192.167.5.80
normal,192.167.5.81
normal,192.167.5.82
normal,192.167.5.83
normal,192.167.5.84
normal,192.167.5.85
normal,192.167.5.86
normal,192.167.5.87
normal,192.167.5.88
normal,192.167.5.89
normal,192.167.5.90
normal,192.167.5.91
normal,192.167.8.4
normal,192.167.8.5
normal,192.167.8.6
normal,192.167.8.7
normal,192.167.8.8
normal,192.167.8.9
normal,192.167.8.10
normal,192.167.8.11
normal,192.167.8.12
normal,192.167.8.13
normal,192.167.8.14
normal,192.167.8.15
normal,192.167.8.16
normal,192.167.8.17
normal,192.167.8.18
normal,192.167.8.19
normal,192.167.8.20
normal,192.167.8.21
normal,192.167.8.22
normal,192.167.8.23
normal,192.167.8.24
normal,192.167.8.25
normal,192.167.8.26
normal,192.167.8.27
normal,192.167.8.28
normal,192.167.8.29
normal,192.167.8.30
normal,192.167.8.31
normal,192.167.8.32
normal,192.167.8.33
normal,192.167.8.34
normal,192.167.8.35
normal,192.167.8.36
normal,192.167.8.37
normal,192.167.8.38
normal,192.167.8.39
normal,192.167.8.40
normal,192.167.8.41
normal,192.167.8.42
normal,192.167.8.43
normal,192.167.8.44
normal,192.167.8.45
normal,192.167.8.46
normal,192.167.8.47
normal,192.167.8.48
normal,192.167.8.49
normal,192.167.8.50
normal,192.167.8.51
normal,192.167.8.52
normal,192.167.8.53
normal,192.167.8.54
normal,192.167.8.55
normal,192.167.8.56
normal,192.167.8.57
normal,192.167.8.58
normal,192.167.8.59
normal,192.167.8.60
normal,192.167.8.61
normal,192.167.8.62
normal,192.167.8.63
normal,192.167.8.64
normal,192.167.8.65
normal,192.167.8.66
normal,192.167.8.67
normal,192.167.8.68
normal,192.167.8.69
normal,192.167.8.70
normal,192.167.8.71
normal,192.167.8.72
normal,192.167.8.73
normal,192.167.8.74
normal,192.167.8.75
normal,192.167.8.76
normal,192.167.8.77
normal,192.167.8.78
normal,192.167.8.79
normal,192.167.8.80
normal,192.167.8.81
normal,192.167.8.82
normal,192.167.8.83
normal,192.169.12.1
normal,192.169.12.2
normal,192.169.12.3
normal,192.169.12.4
normal,192.169.12.5
normal,192.169.12.6
normal,192.169.12.7
normal,192.169.12.8
normal,192.169.12.9
normal,192.169.12.10
normal,192.169.12.11
normal,192.169.12.12
normal,192.169.12.13
normal,192.169.12.14
normal,192.169.12.15
normal,192.169.12.16
normal,192.169.12.17
normal,192.169.12.18
normal,192.169.12.19
normal,192.169.12.20
normal,192.169.12.21
normal,192.169.12.22
normal,192.169.12.23
normal,192.169.12.24
normal,192.169.12.25
normal,192.169.12.26
normal,192.169.12.27
normal,192.169.12.28
normal,192.169.12.29
normal,192.169.12.30
normal,192.169.12.31
normal,192.169.12.32
normal,192.169.12.33
normal,192.169.12.34
normal,192.169.12.35
normal,192.169.12.36
normal,192.169.12.37
normal,192.169.12.38
normal,192.169.12.39
normal,192.169.12.40
normal,192.169.12.41
normal,192.169.12.42
normal,192.169.12.43
normal,192.169.12.44
normal,192.169.12.45
normal,192.169.12.46
normal,192.169.12.47
normal,192.169.12.48
normal,192.169.12.49
normal,192.169.12.50
normal,192.169.12.51
normal,192.169.12.52
normal,192.169.12.53
normal,192.169.12.54
normal,192.169.12.55
normal,192.169.12.56
normal,192.169.12.57
normal,192.169.12.58
normal,192.169.12.59
normal,192.169.12.60
normal,192.169.12.61
normal,192.169.12.62
normal,192.169.12.63
normal,192.169.12.64
normal,192.169.12.65
normal,192.169.12.66
normal,192.169.12.67
normal,192.169.12.68
normal,192.169.12.69
normal,192.169.12.70
normal,192.169.12.71
normal,192.169.12.72
normal,192.169.12.73
normal,192.169.12.74
normal,192.169.12.75
normal,192.169.12.76
normal,192.169.12.77
normal,192.169.12.78
normal,192.169.12.79
normal,192.169.12.80
normal,192.169.12.81
normal,192.169.12.82
normal,192.169.12.83
normal,192.169.12.84
normal,192.169.12.85
normal,192.169.12.86
normal,192.169.12.87
normal,192.169.12.88
normal,192.169.12.89
normal,192.169.12.90
normal,192.169.12.91
normal,192.169.12.92
normal,192.169.12.93
normal,192.169.12.94
normal,192.169.12.95
normal,192.169.12.96
normal,192.169.12.97
normal,192.169.12.98
normal,192.169.12.99
normal,192.169.12.100
normal,192.169.12.101
normal,192.169.12.102
normal,192.169.12.103
normal,192.169.12.104
normal,192.169.12.105
normal,192.169.12.106
normal,192.169.12.107
normal,192.169.12.108
normal,192.169.12.109
normal,192.168.13.5
normal,192.168.14.6
normal,192.168.13.6
normal,192.168.14.7
normal,192.168.13.7
normal,192.168.14.8
normal,192.168.13.8
normal,192.168.14.9
normal,192.168.13.9
normal,192.168.14.10
normal,192.168.13.10
normal,192.168.14.11
normal,192.168.13.11
normal,192.168.14.12
normal,192.168.13.12
normal,192.168.14.13
normal,192.168.13.13
normal,192.168.14.14
normal,192.168.13.14
normal,192.168.14.15
normal,192.168.13.15
normal,192.168.14.16
normal,192.168.13.16
normal,192.168.14.17
normal,192.168.13.17
normal,192.168.14.18
normal,192.168.13.18
normal,192.168.14.19
normal,192.168.13.19
normal,192.168.14.20
normal,192.168.13.20
normal,192.168.14.21
normal,192.168.13.21
normal,192.168.14.22
normal,192.168.13.22
normal,192.168.14.23
normal,192.168.13.23
normal,192.168.14.24
normal,192.168.13.24
normal,192.168.14.25
normal,192.168.13.25
normal,192.168.14.26
normal,192.168.13.26
normal,192.168.14.27
normal,192.168.13.27
normal,192.168.14.28
normal,192.168.13.28
normal,192.168.14.29
normal,192.168.13.29
normal,192.168.14.30
normal,192.168.13.30
attack,147.32.86.237
attack,147.32.86.238
attack,147.32.86.239
attack,147.32.86.240
attack,147.32.86.241
attack,147.32.86.242
attack,147.32.86.243
attack,147.32.86.244
attack,147.32.86.245
attack,147.32.86.246
attack,147.32.86.247
attack,147.32.86.248
attack,147.32.86.249
attack,147.32.86.250
attack,147.32.86.251
attack,147.32.86.252
attack,147.32.86.253
attack,147.32.86.254
attack,147.32.86.255
attack,147.32.86.256
attack,147.32.86.257
attack,147.32.86.258
attack,147.32.86.259
attack,147.32.86.260
attack,147.32.86.261
attack,147.32.86.262
attack,147.32.86.263
attack,147.32.86.264
attack,147.32.86.265
attack,147.32.86.266
attack,147.32.86.267
attack,147.32.86.268
attack,147.32.86.269
attack,147.32.86.270
attack,147.32.86.271
attack,147.32.86.272
attack,147.32.86.273
attack,147.32.86.274
attack,147.32.86.275
attack,147.32.86.276
attack,147.32.86.277
attack,147.32.86.278
attack,147.32.86.279
attack,147.32.86.280
attack,147.32.86.281
attack,147.32.86.282
attack,147.32.86.283
attack,147.32.86.284
attack,147.32.86.285
attack,147.32.86.286
attack,147.32.86.287
attack,147.32.86.288
attack,147.32.86.289
attack,147.32.86.290
attack,147.32.86.291
attack,147.32.86.292
attack,147.32.86.293
attack,147.32.86.294
attack,147.32.86.295
attack,147.32.86.296
attack,147.32.86.297
attack,147.32.86.298
attack,147.32.86.299
attack,147.32.86.300
attack,147.32.86.301
attack,147.32.86.302
attack,147.32.86.303
attack,147.32.86.304
attack,147.32.86.305
attack,147.32.86.306
attack,147.32.86.307
attack,147.32.86.308
attack,147.32.86.309
attack,147.32.86.310
attack,147.32.86.311
attack,147.32.86.312
attack,147.32.86.313
attack,147.32.86.314
attack,147.32.86.315
attack,147.32.86.316
attack,147.32.86.317
attack,147.32.86.318
attack,147.32.86.319
attack,147.32.86.320
attack,147.32.86.321
attack,147.32.86.322
attack,147.32.86.323
attack,147.32.86.324
attack,147.32.86.325
attack,147.32.86.326
attack,147.32.86.327
attack,147.32.86.328
attack,147.32.86.329
attack,147.32.86.330
attack,147.32.86.331
attack,147.32.86.332
attack,147.32.86.333
attack,147.32.86.334
attack,147.32.86.335
attack,147.32.86.336
attack,147.32.86.337
attack,147.32.86.338
attack,147.32.86.339
attack,147.32.86.340
attack,147.32.86.341
attack,147.32.86.342
attack,147.32.86.343
attack,147.32.86.344
attack,147.32.86.345
attack,147.32.86.346
attack,147.32.86.347
attack,147.32.86.348
attack,147.32.86.349
attack,147.32.86.350
attack,147.32.86.351
attack,147.32.86.352
attack,147.32.86.353
attack,147.32.86.354
attack,147.32.86.355
attack,147.32.86.356
attack,147.32.86.357
attack,147.32.86.358
attack,147.32.86.359
attack,147.32.86.360
attack,147.32.86.361
attack,147.32.86.362
attack,147.32.86.363
attack,147.32.86.364
attack,147.32.86.365
attack,147.32.86.366
attack,147.32.86.367
attack,147.32.86.368
attack,147.32.86.369
attack,147.32.86.370
attack,147.32.86.371
attack,147.32.86.372
attack,147.32.86.373
attack,147.32.86.374
attack,147.32.86.375
attack,147.32.86.376
attack,147.32.86.377
attack,147.32.86.378
attack,147.32.86.379
attack,147.32.86.380
attack,147.32.86.381
attack,147.32.86.382
attack,147.32.86.383
attack,147.32.86.384
attack,147.32.86.385
attack,147.32.86.386
attack,147.32.86.387
attack,147.32.86.388
attack,147.32.86.389
attack,147.32.86.390
attack,147.32.86.391
attack,147.32.86.392
attack,147.32.86.393
attack,147.32.86.394
attack,147.32.86.395
attack,147.32.86.396
attack,147.32.86.397
attack,147.32.86.398
attack,147.32.86.399
attack,147.32.86.400
attack,147.32.86.401
attack,147.32.86.402
attack,147.32.86.403
attack,147.32.86.404
attack,147.32.86.405
attack,147.32.86.406
attack,147.32.86.407
attack,147.32.86.408
attack,147.32.86.409
attack,147.32.86.410
attack,147.32.86.411
attack,147.32.86.412
attack,147.32.86.413
attack,147.32.86.414
attack,147.32.86.415
attack,147.32.86.416
attack,147.32.86.417
attack,147.32.86.418
attack,147.32.86.419
attack,147.32.86.420
attack,147.32.86.421
attack,147.32.86.422
attack,147.32.86.423
attack,147.32.86.424
attack,147.32.86.425
attack,147.32.86.426
attack,147.32.86.427
attack,147.32.86.428
attack,147.32.86.429
attack,147.32.86.430
attack,147.32.86.431
attack,147.32.86.432
attack,147.32.86.433
attack,147.32.86.434
attack,147.32.86.435
attack,147.32.86.436
attack,147.32.86.437
attack,147.32.86.438
attack,147.32.86.439
attack,147.32.86.440
attack,147.32.86.441
attack,147.32.86.442
attack,147.32.86.443
attack,147.32.86.444
attack,147.32.86.445
attack,147.32.86.446
attack,147.32.86.447
attack,147.32.86.448
attack,147.32.86.449
attack,147.32.86.450
attack,147.32.86.451
attack,147.32.86.452
attack,147.32.86.453
attack,147.32.86.454
attack,147.32.86.455
attack,147.32.86.456
attack,147.32.86.457
attack,147.32.86.458
attack,147.32.86.459
attack,147.32.86.460
attack,147.32.86.461
attack,147.32.86.462
attack,147.32.86.463
attack,147.32.86.464
attack,147.32.86.465
attack,147.32.86.466
attack,147.32.86.467
attack,147.32.86.468
attack,147.32.86.469
attack,147.32.86.470
attack,147.32.86.471
attack,147.32.86.472
attack,147.32.86.473
attack,147.32.86.474
attack,147.32.86.475
attack,147.32.86.476
attack,147.32.86.477
attack,147.32.86.478
attack,147.32.86.479
attack,147.32.86.480
attack,147.32.86.481
attack,147.32.86.482
attack,147.32.86.483
attack,147.32.86.484
attack,147.32.86.485
attack,147.32.86.486
attack,147.32.86.487
attack,147.32.86.488
attack,147.32.86.489
attack,147.32.86.490
attack,147.32.86.491
attack,147.32.86.492
attack,147.32.86.493
attack,147.32.86.494
attack,147.32.86.495
attack,147.32.86.496
attack,147.32.86.497
attack,147.32.86.498
attack,147.32.86.499
attack,147.32.86.500
attack,147.32.86.501
attack,147.32.86.502
attack,147.32.86.503
attack,147.32.86.504
attack,147.32.86.505
attack,147.32.86.506
attack,147.32.86.507
attack,147.32.86.508
attack,147.32.86.509
attack,147.32.86.510
attack,147.32.86.511
attack,147.32.86.512
attack,147.32.86.513
attack,147.32.86.514
attack,147.32.86.515
attack,147.32.86.516
attack,147.32.86.517
attack,147.32.86.518
attack,147.32.86.519
attack,147.32.86.520
attack,147.32.86.521
attack,147.32.86.522
attack,147.32.86.523
attack,147.32.86.524
attack,147.32.86.525
attack,147.32.86.526
attack,147.32.86.527
attack,147.32.86.528
attack,147.32.86.529
attack,147.32.86.530
attack,147.32.86.531
attack,147.32.86.532
attack,147.32.86.533
attack,147.32.86.534
attack,147.32.86.535
attack,147.32.86.536
attack,147.32.86.537
attack,147.32.86.538
attack,147.32.86.539
attack,147.32.86.540
attack,147.32.86.541
attack,147.32.86.542
attack,147.32.86.543
attack,147.32.86.544
attack,147.32.86.545
attack,147.32.86.546
attack,147.32.86.547
attack,147.32.86.548
attack,147.32.86.549
attack,147.32.86.550
attack,147.32.86.551
attack,147.32.86.552
attack,147.32.86.553
attack,147.32.86.554
attack,147.32.86.555
attack,147.32.86.556
attack,147.32.86.557
attack,147.32.86.558
attack,147.32.86.559
attack,147.32.86.560
attack,147.32.86.561
attack,147.32.86.562
attack,147.32.86.563
attack,147.32.86.564
attack,147.32.86.565
attack,147.32.86.566
attack,147.32.86.567
attack,147.32.86.568
attack,147.32.86.569
attack,147.32.86.570
attack,147.32.86.571
attack,147.32.86.572
attack,147.32.86.573
attack,147.32.86.574
attack,147.32.86.575
attack,147.32.86.576
attack,147.32.86.577
attack,147.32.86.578
attack,147.32.86.579
attack,147.32.86.580
attack,147.32.86.581
attack,147.32.86.582
attack,147.32.86.583
attack,147.32.86.584
attack,147.32.86.585
attack,147.32.86.586
attack,147.32.86.587
attack,147.32.86.588
attack,147.32.86.589
attack,147.32.86.590
attack,147.32.86.591
attack,147.32.86.592
attack,147.32.86.593
attack,147.32.86.594
attack,147.32.86.595
attack,147.32.86.596
attack,147.32.86.597
attack,147.32.86.598
attack,147.32.86.599
attack,147.32.86.600
attack,147.32.86.601
attack,147.32.86.602
attack,147.32.86.603
attack,147.32.86.604
attack,147.32.86.605
attack,147.32.86.606
attack,147.32.86.607
attack,147.32.86.608
attack,147.32.86.609
attack,147.32.86.610
attack,147.32.86.611
attack,147.32.86.612
attack,147.32.86.613
attack,147.32.86.614
attack,147.32.86.615
attack,147.32.86.616
attack,147.32.86.617
attack,147.32.86.618
attack,147.32.86.619
attack,147.32.86.620
attack,147.32.86.621
attack,147.32.86.622
attack,147.32.86.623
attack,147.32.86.624
attack,147.32.86.625
attack,147.32.86.626
attack,147.32.86.627
attack,147.32.86.628
attack,147.32.86.629
attack,147.32.86.630
attack,147.32.86.631
attack,147.32.86.632
attack,147.32.86.633
attack,147.32.86.634
attack,147.32.86.635
attack,147.32.86.636
attack,147.32.86.637
attack,147.32.86.638
attack,147.32.86.639
attack,147.32.86.640
attack,147.32.86.641
attack,147.32.86.642
attack,147.32.86.643
attack,147.32.86.644
attack,147.32.86.645
attack,147.32.86.646
attack,147.32.86.647
attack,147.32.86.648
attack,147.32.86.649
attack,147.32.86.650
attack,147.32.86.651
attack,147.32.86.652
attack,147.32.86.653
attack,147.32.86.654
attack,147.32.86.655
attack,147.32.86.656
attack,147.32.86.657
attack,147.32.86.658
attack,147.32.86.659
attack,147.32.86.660
attack,147.32.86.661
attack,147.32.86.662
attack,147.32.86.663
attack,147.32.86.664
attack,147.32.86.665
attack,147.32.86.666
attack,147.32.86.667
attack,147.32.86.668
attack,147.32.86.669
attack,147.32.86.670
attack,147.32.86.671
attack,147.32.86.672
attack,147.32.86.673
attack,147.32.86.674
attack,147.32.86.675
attack,147.32.86.676
attack,147.32.86.677
attack,147.32.86.678
attack,147.32.86.679
attack,147.32.86.680
attack,147.32.86.681
attack,147.32.86.682
attack,147.32.86.683
attack,147.32.86.684
attack,147.32.86.685
attack,147.32.86.686
attack,147.32.86.687
attack,147.32.86.688
attack,147.32.86.689
attack,147.32.86.690
attack,147.32.86.691
attack,147.32.86.692
attack,147.32.86.693
attack,147.32.86.694
attack,147.32.86.695
attack,147.32.86.696
attack,147.32.86.697
attack,147.32.86.698
attack,147.32.86.699
attack,147.32.86.700
attack,147.32.86.701
attack,147.32.86.702
attack,147.32.86.703
attack,147.32.86.704
attack,147.32.86.705
attack,147.32.86.706
attack,147.32.86.707
attack,147.32.86.708
attack,147.32.86.709
attack,147.32.86.710
attack,147.32.86.711
attack,147.32.86.712
attack,147.32.86.713
attack,147.32.86.714
attack,147.32.86.715
attack,147.32.86.716
attack,147.32.86.717
attack,147.32.86.718
attack,147.32.86.719
attack,147.32.86.720
attack,147.32.86.721
attack,147.32.86.722
attack,147.32.86.723
attack,147.32.86.724
attack,147.32.86.725
attack,147.32.86.726
attack,147.32.86.727
attack,147.32.86.728
attack,147.32.86.729
attack,147.32.86.730
attack,147.32.86.731
attack,147.32.86.732
attack,147.32.86.733
attack,147.32.86.734
attack,147.32.86.735
attack,147.32.86.736
attack,147.32.86.737
attack,147.32.86.738
attack,147.32.86.739
attack,147.32.86.740
attack,147.32.86.741
attack,147.32.86.742
attack,147.32.86.743
attack,147.32.86.744
attack,147.32.86.745
attack,147.32.86.746
attack,147.32.86.747
attack,147.32.86.748
attack,147.32.86.749
attack,147.32.86.750
attack,147.32.86.751
attack,147.32.86.752
attack,147.32.86.753
attack,147.32.86.754
attack,147.32.86.755
attack,147.32.86.756
attack,147.32.86.757
attack,147.32.86.758
attack,147.32.86.759
attack,147.32.86.760
attack,147.32.86.761
attack,147.32.86.762
attack,147.32.86.763
attack,147.32.86.764
attack,147.32.86.765
attack,147.32.86.766
attack,147.32.86.767
attack,147.32.86.768
attack,147.32.86.769
attack,147.32.86.770
attack,147.32.86.771
attack,147.32.86.772
attack,147.32.86.773
attack,147.32.86.774
attack,147.32.86.775
attack,147.32.86.776
attack,147.32.86.777
attack,147.32.86.778
attack,147.32.86.779
attack,147.32.86.780
attack,147.32.86.781
attack,147.32.86.782
attack,147.32.86.783
attack,147.32.86.784
attack,147.32.86.785
attack,147.32.86.786
attack,147.32.86.787
attack,147.32.86.788
attack,147.32.86.789
attack,147.32.86.790
attack,147.32.86.791
attack,147.32.86.792
attack,147.32.86.793
attack,147.32.86.794
attack,147.32.86.795
attack,147.32.86.796
attack,147.32.86.797
attack,147.32.86.798
attack,147.32.86.799
attack,147.32.86.800
attack,147.32.86.801
attack,147.32.86.802
attack,147.32.86.803
attack,147.32.86.804
attack,147.32.86.805
attack,147.32.86.806
attack,147.32.86.807
attack,147.32.86.808
attack,147.32.86.809
attack,147.32.86.810
attack,147.32.86.811
attack,147.32.86.812
attack,147.32.86.813
attack,147.32.86.814
attack,147.32.86.815
attack,147.32.86.816
attack,147.32.86.817
attack,147.32.86.818
attack,147.32.86.819
attack,147.32.86.820
attack,147.32.86.821
attack,147.32.86.822
attack,147.32.86.823
attack,147.32.86.824
attack,147.32.86.825
attack,147.32.86.826
attack,147.32.86.827
attack,147.32.86.828
attack,147.32.86.829
attack,147.32.86.830
attack,147.32.86.831
attack,147.32.86.832
attack,147.32.86.833
attack,147.32.86.834
attack,147.32.86.835
attack,147.32.86.836
attack,147.32.86.837
attack,147.32.86.838
attack,147.32.86.839
attack,147.32.86.840
attack,147.32.86.841
attack,147.32.86.842
attack,147.32.86.843
attack,147.32.86.844
attack,147.32.86.845
attack,147.32.86.846
attack,147.32.86.847
attack,147.32.86.848
attack,147.32.86.849
attack,147.32.86.850
attack,147.32.86.851
attack,147.32.86.852
attack,147.32.86.853
attack,147.32.86.854
attack,147.32.86.855
attack,147.32.86.856
attack,147.32.86.857
attack,147.32.86.858
attack,147.32.86.859
attack,147.32.86.860
attack,147.32.86.861
attack,147.32.86.862
attack,147.32.86.863
attack,147.32.86.864
attack,147.32.86.865
attack,147.32.86.866
attack,147.32.86.867
attack,147.32.86.868
attack,147.32.86.869
attack,147.32.86.870
attack,147.32.86.871
attack,147.32.86.872
attack,147.32.86.873
attack,147.32.86.874
attack,147.32.86.875
attack,147.32.86.876
attack,147.32.86.877
attack,147.32.86.878
attack,147.32.86.879
attack,147.32.86.880
attack,147.32.86.881
attack,147.32.86.882
attack,147.32.86.883
attack,147.32.86.884
attack,147.32.86.885
attack,147.32.86.886
attack,147.32.86.887
attack,147.32.86.888
attack,147.32.86.889
attack,147.32.86.20
attack,147.32.86.21
attack,147.32.86.22
attack,147.32.86.23
attack,147.32.86.24
attack,147.32.86.25
attack,147.32.86.26
attack,147.32.86.27
attack,147.32.86.28
attack,147.32.86.29
attack,147.32.86.30
attack,147.32.86.31
attack,147.32.86.32
attack,147.32.86.33
attack,147.32.86.34
attack,147.32.86.35
attack,147.32.86.36
attack,147.32.86.37
attack,147.32.86.38
attack,147.32.86.39
attack,147.32.86.40
attack,147.32.86.41
attack,147.32.86.42
attack,147.32.86.43
attack,147.32.86.44
attack,147.32.86.45
attack,147.32.86.46
attack,147.32.86.47
attack,147.32.86.48
attack,147.32.86.49
attack,147.32.86.50
attack,147.32.86.51
attack,147.32.86.52
attack,147.32.86.53
attack,147.32.86.54
attack,147.32.86.55
attack,147.32.86.56
attack,147.32.86.57
attack,147.32.86.58
attack,147.32.86.59
attack,147.32.86.60
attack,147.32.86.61
attack,147.32.86.62
attack,147.32.86.63
attack,147.32.86.64
attack,147.32.86.65
attack,147.32.86.66
attack,147.32.86.67
attack,147.32.86.68
attack,147.32.86.69
attack,147.32.86.70
attack,147.32.86.71
attack,147.32.86.72
attack,147.32.86.73
attack,147.32.86.74
attack,147.32.86.75
attack,147.32.86.76
attack,147.32.86.77
attack,147.32.86.78
attack,147.32.86.79
attack,147.32.86.80
attack,147.32.86.81
attack,147.32.86.82
attack,147.32.86.83
attack,147.32.86.84
attack,147.32.86.85
attack,147.32.86.86
attack,147.32.86.87
attack,147.32.86.88
attack,147.32.86.89
attack,147.32.86.90
attack,147.32.86.91
attack,147.32.86.92
attack,147.32.86.93
attack,147.32.86.94
attack,147.32.86.95
attack,147.32.86.96
attack,147.32.86.97
attack,147.32.86.98
attack,147.32.86.99
attack,147.32.86.100
attack,147.32.86.101
attack,147.32.86.102
attack,147.32.86.103
attack,147.32.86.104
attack,147.32.86.105
attack,147.32.86.106
attack,147.32.86.107
attack,147.32.86.108
attack,147.32.86.109
attack,147.32.86.110
attack,147.32.86.111
attack,147.32.86.112
attack,147.32.86.113
attack,147.32.86.114
attack,147.32.86.115
attack,147.32.86.116
attack,147.32.86.117
attack,147.32.86.118
attack,147.32.86.119
attack,147.32.86.120
attack,147.32.86.121
attack,147.32.86.122
attack,147.32.86.123
attack,147.32.86.124
attack,147.32.86.125
attack,147.32.86.126
attack,147.32.86.127
attack,147.32.86.128
attack,147.32.86.129
attack,147.32.86.130
attack,147.32.86.131
attack,147.32.86.132
attack,147.32.86.133
attack,147.32.86.134
attack,147.32.86.135
attack,147.32.86.136
attack,147.32.86.137
attack,147.32.86.138
attack,147.32.86.139
attack,147.32.86.140
attack,147.32.86.141
attack,147.32.86.142
attack,147.32.86.143
attack,147.32.86.144
attack,147.32.86.145
attack,147.32.86.146
attack,147.32.86.147
attack,147.32.86.148
attack,147.32.86.149
attack,147.32.86.150
attack,147.32.86.151
attack,147.32.86.152
attack,147.32.86.153
attack,147.32.86.154
attack,147.32.86.155
attack,147.32.86.156
attack,147.32.86.157
attack,147.32.86.158
attack,147.32.86.159
attack,147.32.86.160
attack,147.32.86.161
attack,147.32.86.162
attack,147.32.86.163
attack,147.32.86.164
attack,147.32.86.165
attack,147.32.86.166
attack,147.32.86.167
attack,147.32.86.168
attack,147.32.86.169
attack,147.32.86.170
attack,147.32.86.171
attack,147.32.86.172
attack,147.32.86.173
attack,147.32.86.174
attack,147.32.86.175
attack,147.32.86.176
attack,147.32.86.177
attack,147.32.86.178
attack,147.32.86.179
attack,147.32.86.180
attack,147.32.86.181
attack,147.32.86.182
attack,147.32.86.183
attack,147.32.86.184
attack,147.32.86.185
attack,147.32.86.186
attack,147.32.86.187
attack,147.32.86.188
attack,147.32.86.189
attack,147.32.86.190
attack,147.32.86.191
attack,147.32.86.192
attack,147.32.86.193
attack,147.32.86.194
attack,147.32.86.195
attack,147.32.86.196
attack,147.32.86.197
attack,147.32.86.198
attack,147.32.86.199
attack,147.32.86.200
attack,147.32.86.201
attack,147.32.86.202
attack,147.32.86.203
attack,147.32.86.204
attack,147.32.86.205
attack,147.32.86.206
attack,147.32.86.207
attack,147.32.86.208
attack,147.32.86.209
attack,147.32.86.210
attack,147.32.86.211
attack,147.32.86.212
attack,147.32.86.213
attack,147.32.86.214
attack,147.32.86.215
attack,147.32.86.216
attack,147.32.86.217
attack,147.32.86.218
attack,147.32.86.219
attack,147.32.86.220
attack,147.32.86.221
attack,147.32.86.222
attack,147.32.86.223
attack,147.32.86.224
attack,147.32.86.225
attack,147.32.86.226
attack,147.32.86.227
attack,147.32.86.228
attack,147.32.86.229
attack,147.32.86.230
attack,147.32.86.231
attack,147.32.86.232
attack,147.32.86.233
attack,147.32.86.234
attack,147.32.86.235
attack,147.32.86.236
attack,147.32.86.237
attack,147.32.86.238
attack,147.32.86.239
attack,147.32.86.240
attack,147.32.86.241
attack,147.32.86.242
attack,147.32.86.243
attack,147.32.86.244
attack,147.32.86.245
attack,147.32.86.246
attack,147.32.86.247
attack,147.32.86.248
attack,147.32.86.249
attack,147.32.86.250
attack,147.32.86.251
attack,147.32.86.252
attack,147.32.86.253
attack,147.32.86.254
attack,147.32.86.255
attack,147.32.86.256
attack,147.32.86.257
attack,147.32.86.258
attack,147.32.86.259
attack,147.32.86.260
attack,147.32.86.261
attack,147.32.86.262
attack,147.32.86.263
attack,147.32.86.264
attack,147.32.86.265
attack,147.32.86.266
attack,147.32.86.267
attack,147.32.86.268
attack,147.32.86.269
attack,147.32.86.270
attack,147.32.86.271
attack,147.32.86.272
attack,147.32.86.273
attack,147.32.86.274
attack,147.32.86.275
attack,147.32.86.276
attack,147.32.86.277
attack,147.32.86.278
attack,147.32.86.279
attack,147.32.86.280
attack,147.32.86.281
attack,147.32.86.282
attack,147.32.86.283
attack,147.32.86.284
attack,147.32.86.285
attack,147.32.86.286
attack,147.32.86.287
attack,147.32.86.288
attack,147.32.86.289
attack,147.32.86.290
attack,147.32.86.291
attack,147.32.86.292
attack,147.32.86.293
attack,147.32.86.294
attack,147.32.86.295
attack,147.32.86.296
attack,147.32.86.297
attack,147.32.86.298
attack,147.32.86.299
attack,147.32.86.300
attack,147.32.86.301
attack,147.32.86.302
attack,147.32.86.303
attack,147.32.86.304
attack,147.32.86.305
attack,147.32.86.306
attack,147.32.86.307
attack,147.32.86.308
attack,147.32.86.309
attack,147.32.86.310
attack,147.32.86.311
attack,147.32.86.312
attack,147.32.86.313
attack,147.32.86.314
attack,147.32.86.315
attack,147.32.86.316
attack,147.32.86.317
attack,147.32.86.318
attack,147.32.86.319
attack,147.32.86.320
attack,147.32.86.321
attack,147.32.86.322
attack,147.32.86.323
attack,147.32.86.324
attack,147.32.86.325
attack,147.32.86.326
attack,147.32.86.327
attack,147.32.86.328
attack,147.32.86.329
attack,147.32.86.330
attack,147.32.86.331
attack,147.32.86.332
attack,147.32.86.333
attack,147.32.86.334
attack,147.32.86.335
attack,147.32.86.336
attack,147.32.86.337
attack,147.32.86.338
attack,147.32.86.339
attack,147.32.86.340
attack,147.32.86.341
attack,147.32.86.342
attack,147.32.86.343
attack,147.32.86.344
attack,147.32.86.345
attack,147.32.85.20
attack,147.32.85.21
attack,147.32.85.22
attack,147.32.85.23
attack,147.32.85.24
attack,147.32.85.25
attack,147.32.85.26
attack,147.32.85.27
attack,147.32.85.28
attack,147.32.85.29
attack,147.32.85.30
attack,147.32.85.31
attack,147.32.85.32
attack,147.32.85.33
attack,147.32.85.34
attack,147.32.85.35
attack,147.32.85.36
attack,147.32.85.37
attack,147.32.85.38
attack,147.32.85.39
attack,147.32.85.40
attack,147.32.85.41
attack,147.32.85.42
attack,147.32.85.43
attack,147.32.85.44
attack,147.32.85.45
attack,147.32.85.46
attack,147.32.85.47
attack,147.32.85.48
attack,147.32.85.49
attack,147.32.85.50
attack,147.32.85.51
attack,147.32.85.52
attack,147.32.85.53
attack,147.32.85.54
attack,147.32.85.55
attack,147.32.85.56
attack,147.32.85.57
attack,147.32.85.58
attack,147.32.85.59
attack,147.32.85.60
attack,147.32.85.61
attack,147.32.85.62
attack,147.32.85.63
attack,147.32.85.64
attack,147.32.85.65
attack,147.32.85.66
attack,147.32.85.67
attack,147.32.85.68
attack,147.32.85.69
attack,147.32.85.70
attack,147.32.85.71
attack,147.32.85.72
attack,147.32.85.73
attack,147.32.85.74
attack,147.32.85.75
attack,147.32.85.76
attack,147.32.85.77
attack,147.32.85.78
attack,147.32.85.79
attack,147.32.85.80
attack,147.32.85.81
attack,147.32.85.82
attack,147.32.85.83
attack,147.32.85.84
attack,147.32.85.85
attack,147.32.85.86
attack,147.32.85.87
attack,147.32.85.88
attack,147.32.85.89
attack,147.32.85.90
attack,147.32.85.91
attack,147.32.85.92
attack,147.32.85.93
attack,147.32.85.94
attack,147.32.85.95
attack,147.32.85.96
attack,147.32.85.97
attack,147.32.85.98
attack,147.32.85.99
attack,147.32.85.100
attack,147.32.85.101
attack,147.32.85.102
attack,147.32.85.103
attack,147.32.85.104
attack,147.32.85.105
attack,147.32.85.106
attack,147.32.85.107
attack,147.32.85.108
attack,147.32.85.109
attack,147.32.85.110
attack,147.32.85.111
attack,147.32.85.112
attack,147.32.85.113
attack,147.32.85.114
attack,147.32.85.115
attack,147.32.85.116
attack,147.32.85.117
attack,147.32.85.118
attack,147.32.85.119
attack,147.32.85.120
attack,147.32.85.121
attack,147.32.85.122
attack,147.32.85.123
attack,147.32.85.124
attack,147.32.85.125
attack,147.32.85.126
attack,147.32.85.127
attack,147.32.85.128
attack,147.32.85.129
attack,147.32.85.130
attack,147.32.85.131
attack,147.32.85.132
attack,147.32.85.133
attack,147.32.85.134
attack,147.32.85.135
attack,147.32.85.136
attack,147.32.85.137
attack,147.32.85.138
attack,147.32.85.139
attack,147.32.85.140
attack,147.32.85.141
attack,147.32.85.142
attack,147.32.85.143
attack,147.32.85.144
attack,147.32.85.145
attack,147.32.85.146
attack,147.32.85.147
attack,147.32.85.148
attack,147.32.85.149
attack,147.32.85.150
attack,147.32.85.151
attack,147.32.85.152
attack,147.32.85.153
attack,147.32.85.154
attack,147.32.85.155
attack,147.32.85.156
attack,147.32.85.157
attack,147.32.85.158
attack,147.32.85.159
attack,147.32.85.160
attack,147.32.85.161
attack,147.32.85.162
attack,147.32.85.163
attack,147.32.85.164
attack,147.32.85.165
attack,147.32.85.166
attack,147.32.85.167
attack,147.32.85.168
attack,147.32.85.169
attack,147.32.85.170
attack,147.32.85.171
attack,147.32.85.172
attack,147.32.85.173
attack,147.32.85.174
attack,147.32.85.175
attack,147.32.85.176
attack,147.32.85.177
attack,147.32.85.178
attack,147.32.85.179
attack,147.32.85.180
attack,147.32.85.181
attack,147.32.85.182
attack,147.32.85.183
attack,147.32.85.184
attack,147.32.85.185
attack,147.32.85.186
attack,147.32.85.187
attack,147.32.85.188
attack,147.32.85.189
attack,147.32.85.190
attack,147.32.85.191
attack,147.32.85.192
attack,147.32.85.193
attack,147.32.85.194
attack,147.32.85.195
attack,147.32.85.196
attack,147.32.85.197
attack,147.32.85.198
attack,147.32.85.199
attack,147.32.85.200
attack,147.32.85.201
attack,147.32.85.202
attack,147.32.85.203
attack,147.32.85.204
attack,147.32.85.205
attack,147.32.85.206
attack,147.32.85.207
attack,147.32.85.208
attack,147.32.85.209
attack,147.32.85.210
attack,147.32.85.211
attack,147.32.85.212
attack,147.32.85.213
attack,147.32.85.214
attack,147.32.85.215
attack,147.32.85.216
attack,147.32.85.217
attack,147.32.85.218
attack,147.32.85.219
attack,147.32.85.220
attack,147.32.85.221
attack,147.32.85.222
attack,147.32.85.223
attack,147.32.85.224
attack,147.32.85.225
attack,147.32.85.226
attack,147.32.85.227
attack,147.32.85.228
attack,147.32.85.229
attack,147.32.85.230
attack,147.32.85.231
attack,147.32.85.232
attack,147.32.85.233
attack,147.32.85.234
attack,147.32.85.235
attack,147.32.85.236
attack,147.32.85.237
attack,147.32.85.238
attack,147.32.85.239
attack,147.32.85.240
attack,147.32.85.241
attack,147.32.85.242
attack,147.32.85.243
attack,147.32.85.244
attack,147.32.85.245
attack,147.32.85.246
attack,147.32.85.247
attack,147.32.85.248
attack,147.32.85.249
attack,147.32.85.250
attack,147.32.85.251
attack,147.32.85.252
attack,147.32.85.253
attack,147.32.85.254
attack,147.32.85.255
attack,147.32.85.256
attack,147.32.85.257
attack,147.32.85.258
attack,147.32.85.259
attack,147.32.85.260
attack,147.32.85.261
attack,147.32.85.262
attack,147.32.85.263
attack,147.32.85.264
attack,147.32.85.265
attack,147.32.85.266
attack,147.32.85.267
attack,147.32.85.268
attack,147.32.85.269
attack,147.32.85.270
attack,147.32.85.271
attack,147.32.85.272
attack,147.32.85.273
attack,147.32.85.274
attack,147.32.85.275
attack,147.32.85.276
attack,147.32.85.277
attack,147.32.85.278
attack,147.32.85.279
attack,147.32.85.280
attack,147.32.85.281
attack,147.32.85.282
attack,147.32.85.283
attack,147.32.85.284
attack,147.32.85.285
attack,147.32.85.286
attack,147.32.85.287
attack,147.32.85.288
attack,147.32.85.289
attack,147.32.85.290
attack,147.32.85.291
attack,147.32.85.292
attack,147.32.85.293
attack,147.32.85.294
attack,147.32.85.295
attack,147.32.85.296
attack,147.32.85.297
attack,147.32.85.298
attack,147.32.85.299
attack,147.32.85.300
attack,147.32.85.301
attack,147.32.85.302
attack,147.32.85.303
attack,147.32.85.304
attack,147.32.85.305
attack,147.32.85.306
attack,147.32.85.307
attack,147.32.85.308
attack,147.32.85.309
attack,147.32.85.310
attack,147.32.85.311
attack,147.32.85.312
attack,147.32.85.313
attack,147.32.85.314
attack,147.32.85.315
attack,147.32.85.316
attack,147.32.85.317
attack,147.32.85.318
attack,147.32.85.319
attack,147.32.85.320
attack,147.32.85.321
attack,147.32.85.322
attack,147.32.85.323
attack,147.32.85.324
attack,147.32.85.325
attack,147.32.85.326
attack,147.32.85.327
attack,147.32.85.328
attack,147.32.85.329
attack,147.32.85.330
attack,147.32.85.331
attack,147.32.85.332
attack,147.32.85.333
attack,147.32.85.334
attack,147.32.85.335
attack,147.32.85.336
attack,147.32.85.337
attack,147.32.85.338
attack,147.32.85.339
attack,147.32.85.340
attack,147.32.85.341
attack,147.32.85.342
attack,147.32.85.343
attack,147.32.85.344
attack,147.32.85.345
attack,147.32.85.346
attack,147.32.85.347
attack,147.32.85.348
attack,147.32.85.349
attack,147.32.85.350
attack,147.32.85.351
attack,147.32.85.352
attack,147.32.85.353
attack,147.32.85.354
attack,147.32.85.355
attack,147.32.85.356
attack,147.32.85.357
attack,147.32.85.358
attack,147.32.85.359
attack,147.32.85.360
attack,147.32.85.361
attack,147.32.85.362
attack,147.32.85.363
attack,147.32.85.364
attack,147.32.85.365
attack,147.32.85.366
attack,147.32.85.367
attack,147.32.85.368
attack,147.32.85.369
attack,147.32.85.370
attack,147.32.85.371
attack,147.32.85.372
attack,147.32.85.373
attack,147.32.85.374
attack,147.32.85.375
attack,147.32.85.376
attack,147.32.85.377
attack,147.32.85.378
attack,147.32.85.379
attack,147.32.85.380
attack,147.32.85.381
attack,147.32.85.382
attack,147.32.85.383
attack,147.32.85.384
attack,147.32.85.385
attack,147.32.85.386
attack,147.32.85.387
attack,147.32.85.388
attack,147.32.85.389
attack,147.32.85.390
attack,147.32.85.391
attack,147.32.85.392
attack,147.32.85.393
attack,147.32.85.394
attack,147.32.85.395
attack,147.32.85.396
attack,147.32.85.397
attack,147.32.85.398
attack,147.32.85.399
attack,147.32.85.400
attack,147.32.85.401
attack,147.32.85.402
attack,147.32.85.403
attack,147.32.85.404
attack,147.32.85.405
attack,147.32.85.406
attack,147.32.85.407
attack,147.32.85.408
attack,147.32.85.409
attack,147.32.85.410
attack,147.32.85.411
attack,147.32.85.412
attack,147.32.85.413
attack,147.32.85.414
attack,147.32.85.415
attack,147.32.85.416
attack,147.32.85.417
attack,147.32.85.418
attack,147.32.85.419
attack,147.32.85.420
attack,147.32.85.421
attack,147.32.85.422
attack,147.32.85.423
attack,147.32.85.424
attack,147.32.85.425
attack,147.32.85.426
attack,147.32.85.427
attack,147.32.85.428
attack,147.32.85.429
attack,147.32.85.430
attack,147.32.85.431
attack,147.32.85.432
attack,147.32.85.433
attack,147.32.85.434
attack,147.32.85.435
attack,147.32.85.436
attack,147.32.85.437
attack,147.32.85.438
attack,147.32.85.439
attack,147.32.85.440
attack,147.32.85.441
attack,147.32.85.442
attack,147.32.85.443
attack,147.32.85.444
attack,147.32.85.445
attack,147.32.85.446
attack,147.32.85.447
attack,147.32.85.448
attack,147.32.85.449
attack,147.32.85.450
attack,147.32.85.451
attack,147.32.85.452
attack,147.32.85.453
attack,147.32.85.454
attack,147.32.85.455
attack,147.32.85.456
attack,147.32.85.457
attack,147.32.85.458
attack,147.32.85.459
attack,147.32.85.460
attack,147.32.85.461
attack,147.32.85.462
attack,147.32.85.463
attack,147.32.85.464
attack,147.32.85.465
attack,147.32.85.466
attack,147.32.85.467
attack,147.32.85.468
attack,147.32.85.469
attack,147.32.85.470
attack,147.32.85.471
attack,147.32.85.472
attack,147.32.85.473
attack,147.32.85.474
attack,147.32.85.475
attack,147.32.85.476
attack,147.32.85.477
attack,147.32.85.478
attack,147.32.85.479
attack,147.32.85.480
attack,147.32.85.481
attack,147.32.85.482
attack,147.32.85.483
attack,147.32.85.484
attack,147.32.85.485
attack,147.32.85.486
attack,147.32.85.487
attack,147.32.85.488
attack,147.32.85.489
attack,147.32.85.490
attack,147.32.85.491
attack,147.32.85.492
attack,147.32.85.493
attack,147.32.85.494
attack,147.32.85.495
attack,147.32.85.496
attack,147.32.85.497
attack,147.32.85.498
attack,147.32.85.499
attack,147.32.85.500
attack,147.32.85.501
attack,147.32.85.502
attack,147.32.85.503
attack,147.32.85.504
attack,147.32.85.505
attack,147.32.85.506
attack,147.32.85.507
attack,147.32.85.508
attack,147.32.85.509
attack,147.32.85.510
attack,147.32.85.511
attack,147.32.85.512
attack,147.32.85.513
attack,147.32.85.514
attack,147.32.85.515
attack,147.32.85.516
attack,147.32.85.517
attack,147.32.85.518
attack,147.32.85.519
attack,147.32.85.520
attack,147.32.85.521
attack,147.32.85.522
attack,147.32.85.523
attack,147.32.85.524
attack,147.32.85.525
attack,147.32.85.526
attack,147.32.85.527
attack,147.32.85.528
attack,147.32.85.529
attack,147.32.85.530
attack,147.32.85.531
attack,147.32.85.532
attack,147.32.85.533
attack,147.32.85.534
attack,147.32.85.535
attack,147.32.85.536
attack,147.32.85.537
attack,147.32.85.538
attack,240.32.85.539
attack,147.32.85.540
attack,147.32.85.541
attack,147.32.85.542
attack,147.32.85.543
attack,147.32.85.544
attack,147.32.85.545
attack,147.32.85.546
attack,147.32.85.547
attack,147.32.85.548
attack,147.32.85.549
attack,147.32.85.550
attack,147.32.85.551
attack,147.32.85.552
attack,147.32.85.553
attack,147.32.85.554
attack,147.32.85.555
attack,147.32.85.556
attack,147.32.85.557
attack,147.32.85.558
attack,147.32.85.559
attack,147.32.85.560
attack,147.32.85.561
attack,147.32.85.562
attack,147.32.85.563
attack,147.32.85.564
attack,147.32.85.565
attack,147.32.85.566
attack,147.32.85.567
attack,147.32.85.568
attack,147.32.85.569
attack,147.32.85.570
attack,147.32.85.571
attack,147.32.85.572
attack,147.32.85.573
attack,147.32.85.574
attack,147.32.85.575
attack,147.32.85.576
attack,147.32.85.577
attack,147.32.85.578
attack,147.32.85.579
attack,147.32.85.580
attack,147.32.85.581
attack,147.32.85.582
attack,147.32.85.583
attack,147.32.85.584
attack,147.32.85.585
attack,147.32.85.586
attack,147.32.85.587
attack,147.32.85.588
attack,147.32.85.589
attack,147.32.85.590
attack,147.32.85.591
attack,147.32.85.592
attack,147.32.85.593
attack,147.32.85.594
attack,147.32.85.595
attack,147.32.85.596
attack,147.32.85.597
attack,147.32.85.598
attack,147.32.85.599
attack,147.32.85.600
attack,147.32.85.601
attack,147.32.85.602
attack,147.32.85.603
attack,147.32.85.604
attack,147.32.85.605
attack,147.32.85.606
attack,147.32.85.607
attack,147.32.85.608
attack,147.32.85.609
attack,147.32.85.610
attack,147.32.85.611
attack,147.32.85.612
attack,147.32.85.613
attack,147.32.85.614
attack,147.32.85.615
attack,147.32.85.616
attack,147.32.85.617
attack,147.32.85.618
attack,147.32.85.619
attack,147.32.85.620
attack,147.32.85.621
attack,147.32.85.622
attack,147.32.85.623
attack,147.32.85.624
attack,147.32.85.625
attack,147.32.85.626
attack,147.32.85.627
attack,147.32.85.628
attack,147.32.85.629
attack,147.32.85.630
attack,147.32.85.631
attack,147.32.85.632
attack,147.32.85.633
attack,147.32.85.634
attack,147.32.85.635
attack,147.32.85.636
attack,147.32.85.637
attack,147.32.85.638
attack,147.32.85.639
attack,147.32.85.640
attack,147.32.85.641
attack,147.32.85.642
attack,147.32.85.643
attack,147.32.85.644
attack,147.32.85.645
attack,147.32.85.646
attack,147.32.85.647
attack,147.32.85.648
attack,147.32.85.649
attack,147.32.85.650
attack,147.32.85.651
attack,147.32.85.652
attack,147.32.85.653
attack,147.32.85.654
attack,147.32.85.655
attack,147.32.85.656
attack,147.32.85.657
attack,147.32.85.658
attack,147.32.85.659
attack,147.32.85.660
attack,147.32.85.661
attack,147.32.85.662
attack,147.32.85.663
attack,147.32.85.664
attack,147.32.85.665
attack,147.32.85.666
attack,147.32.85.667
attack,147.32.85.668
attack,147.32.85.669
attack,147.32.85.670
attack,147.32.85.671
attack,147.32.85.672
attack,147.32.85.673
attack,147.32.85.674
attack,147.32.85.675
attack,147.32.85.676
attack,147.32.85.677
attack,147.32.85.678
attack,147.32.85.679
attack,147.32.85.680
attack,147.32.85.681
attack,147.32.85.682
attack,147.32.85.683
attack,147.32.85.684
attack,147.32.85.685
attack,147.32.85.686
attack,147.32.85.687
attack,147.32.85.688
attack,147.32.85.689
attack,147.32.85.690
attack,147.32.85.691
attack,147.32.85.692
attack,147.32.85.693
attack,147.32.85.694
attack,147.32.85.695
attack,147.32.85.696
attack,147.32.85.697
attack,147.32.85.698
attack,147.32.85.699
attack,147.32.85.700
attack,147.32.85.701
attack,147.32.85.702
attack,147.32.85.703
attack,147.32.85.704
attack,147.32.85.705
attack,147.32.85.706
attack,147.32.85.707
attack,147.32.85.708
attack,147.32.85.709
attack,147.32.85.710
attack,147.32.85.711
attack,147.32.85.712
attack,147.32.85.713
attack,147.32.85.714
attack,147.32.85.715
attack,147.32.85.716
attack,147.32.85.717
attack,147.32.85.718
attack,147.32.85.719
attack,147.32.85.720
attack,147.32.85.721
attack,147.32.85.722
attack,147.32.85.723
attack,147.32.85.724
attack,147.32.85.725
attack,147.32.85.726
attack,147.32.85.727
attack,147.32.85.728
attack,147.32.85.729
attack,147.32.85.730
attack,147.32.85.731
attack,147.32.85.732
attack,147.32.85.733
attack,147.32.85.734
attack,147.32.85.735
attack,147.32.85.736
attack,147.32.85.737
attack,147.32.85.738
attack,147.32.85.739
attack,147.32.85.740
attack,147.32.85.741
attack,147.32.85.742
attack,147.32.85.743
attack,147.32.85.744
attack,147.32.85.745
attack,147.32.85.746
attack,147.32.85.747
attack,147.32.85.748
attack,147.32.85.749
attack,147.32.85.750
attack,147.32.85.751
attack,147.32.85.752
attack,147.32.85.753
attack,147.32.85.754
attack,147.32.85.755
attack,147.32.85.756
attack,147.32.85.757
attack,147.32.85.758
attack,147.32.85.759
attack,147.32.85.760
attack,147.32.85.761
attack,66.249.72.180
attack,66.249.72.181
attack,66.249.72.182
attack,66.249.72.183
attack,66.249.72.184
attack,66.249.72.185
attack,66.249.72.186
attack,66.249.72.187
attack,66.249.72.188
attack,66.249.72.189
attack,66.249.72.190
attack,66.249.72.191
attack,66.249.72.192
attack,66.249.72.193
attack,66.249.72.194
attack,66.249.72.195
attack,66.249.72.196
attack,66.249.72.197
attack,66.249.72.198
attack,66.249.72.199
attack,66.249.72.200
attack,66.249.72.201
attack,66.249.72.202
attack,66.249.72.203
attack,66.249.72.204
attack,66.249.72.205
attack,66.249.72.206
attack,66.249.72.207
attack,66.249.72.208
attack,66.249.72.209
attack,66.249.72.210
attack,66.249.72.211
attack,66.249.72.212
attack,66.249.72.213
attack,66.249.72.214
attack,66.249.72.215
attack,66.249.72.216
attack,66.249.72.217
attack,66.249.72.218
attack,66.249.72.219
attack,66.249.72.220
attack,66.249.72.221
attack,66.249.72.222
attack,66.249.72.223
attack,66.249.72.224
attack,66.249.72.225
attack,66.249.72.226
attack,66.249.72.227
attack,66.249.72.228
attack,66.249.72.229
attack,66.249.72.230
attack,66.249.72.231
attack,66.249.72.232
attack,66.249.72.233
attack,66.249.72.234
attack,66.249.72.235
attack,66.249.72.236
attack,66.249.72.237
attack,66.249.72.238
attack,66.249.72.239
attack,66.249.72.240
attack,66.249.72.241
attack,66.249.72.242
attack,66.249.72.243
attack,66.249.72.244
attack,66.249.72.245
attack,66.249.72.246
attack,66.249.72.247
attack,66.249.72.248
attack,66.249.72.249
attack,66.249.72.250
attack,66.249.72.251
attack,66.249.72.252
attack,66.249.72.253
attack,66.249.72.254
attack,66.249.72.255
attack,66.249.72.256
attack,66.249.72.257
attack,66.249.72.258
attack,66.249.72.259
attack,66.249.72.260
attack,66.249.72.261
attack,66.249.72.262
attack,66.249.72.263
attack,66.249.72.264
attack,66.249.72.265
attack,66.249.72.266
attack,66.249.72.267
attack,66.249.72.268
attack,66.249.72.269
attack,66.249.72.270
attack,66.249.72.271
attack,66.249.72.272
attack,66.249.72.273
attack,66.249.72.274
attack,66.249.72.275
attack,66.249.72.276
attack,66.249.72.277
attack,66.249.72.278
attack,66.249.72.279
attack,66.249.72.280
attack,66.249.72.281
attack,66.249.72.282
attack,66.249.72.283
attack,66.249.72.284
normal,192.168.5.12
normal,192.168.13.20
normal,192.5.14.95
normal,192.6.12.0
normal,192.12.3.0
normal,192.6.5.1
normal,192.6.5.2
normal,192.6.5.3
normal,192.6.5.4
normal,192.6.5.5
normal,192.6.5.6
normal,192.6.5.7
normal,192.6.5.8
normal,192.6.5.9
normal,192.6.5.10
normal,192.6.5.11
normal,192.6.5.12
normal,192.6.5.13
normal,192.6.5.14
normal,192.6.5.15
normal,192.6.5.16
normal,192.6.5.17
normal,192.6.5.18
normal,192.6.5.19
normal,192.6.5.20
normal,192.6.5.21
normal,192.6.5.22
normal,192.6.5.23
normal,192.6.5.24
normal,192.6.5.25
normal,192.6.5.26
normal,192.6.5.27
normal,192.6.5.28
normal,192.6.5.29
normal,192.6.5.30
normal,192.6.5.31
normal,192.6.5.32
normal,192.6.5.33
normal,192.6.5.34
normal,192.168.14.31
normal,192.168.13.31
normal,192.168.14.32
normal,192.168.13.32
normal,192.168.14.33
normal,192.168.13.33
normal,192.168.14.34
normal,192.168.13.34
normal,192.168.14.35
normal,192.168.13.35
normal,192.168.14.36
normal,192.168.13.36
normal,192.168.14.37
normal,192.168.13.37
normal,192.168.14.38
normal,192.168.13.38
normal,192.168.14.39
normal,192.168.13.39
normal,192.168.14.40
normal,192.168.13.40
normal,192.168.14.41
normal,192.168.13.41
normal,192.168.14.42
normal,192.168.13.42
normal,192.168.14.43
normal,192.168.13.43
normal,192.168.14.44
normal,192.168.13.44
normal,192.168.14.45
normal,192.168.13.45
normal,192.168.14.46
normal,192.168.13.46
normal,192.168.14.47
normal,192.168.13.47
normal,192.168.14.48
normal,192.168.13.48
normal,192.168.14.49
normal,192.168.13.49
normal,192.168.14.50
normal,192.168.13.50
normal,192.168.14.51
normal,192.168.13.51
normal,192.168.14.52
normal,192.168.13.52
normal,192.168.14.53
normal,192.168.13.53
normal,192.168.14.54
normal,192.168.13.54
normal,192.168.14.55
normal,192.168.13.55
normal,192.168.14.56
normal,192.168.13.56
normal,192.168.14.57
normal,198.123.8.2
normal,198.123.8.3
normal,198.123.8.4
normal,198.123.8.5
normal,198.123.8.6
normal,198.123.8.7
normal,198.123.8.8
normal,198.123.8.9
normal,198.123.8.10
normal,131.123.8.11
normal,132.123.8.12
normal,131.123.8.12
normal,132.123.8.13
normal,131.123.8.13
normal,132.123.8.14
normal,131.123.8.14
normal,132.123.8.15
normal,131.123.8.15
normal,132.123.8.16
normal,131.123.8.16
normal,132.123.8.17
normal,131.123.8.17
normal,132.123.8.18
normal,131.123.8.18
normal,132.123.8.19
normal,131.123.8.19
normal,132.123.8.20
normal,131.123.8.20
normal,132.123.8.21
normal,131.123.8.21
normal,132.123.8.22
normal,198.123.8.33
normal,198.123.8.34
normal,198.123.8.35
normal,198.123.8.36
normal,198.123.8.37
normal,198.123.8.38
normal,198.123.8.39
normal,198.123.8.40
normal,198.123.8.41
normal,198.123.8.42
normal,198.123.8.43
normal,198.123.8.44
normal,198.123.8.45
normal,198.123.8.46
normal,198.123.8.47
normal,198.123.8.48
normal,198.123.8.49
normal,198.123.8.50
normal,198.123.8.51
normal,198.123.8.52
normal,198.123.8.53
normal,198.123.8.54
normal,198.123.8.55
normal,198.123.8.56
normal,198.123.8.57
normal,198.123.8.58
normal,198.123.8.59
normal,198.123.8.60
normal,198.123.8.61
normal,198.123.8.62
normal,198.123.8.63
normal,198.123.8.64
normal,198.123.8.65
normal,198.123.8.66
normal,198.123.8.67
normal,198.123.8.68
normal,198.123.8.69
normal,198.123.8.70
normal,198.123.8.71
normal,198.123.8.72
normal,198.123.8.73
normal,198.123.8.74
normal,198.123.8.75
normal,198.123.8.76
normal,198.123.8.77
normal,198.123.8.78
normal,198.123.8.79
normal,198.123.8.80
normal,198.123.8.81
normal,198.123.8.82
normal,198.123.8.83
normal,198.123.8.84
normal,198.123.8.85
normal,198.123.8.86
normal,198.123.8.87
normal,198.123.8.88
normal,198.123.8.89
normal,198.123.8.90
normal,198.123.8.91
normal,198.123.8.92
normal,198.123.8.93
normal,198.123.8.94
normal,198.123.8.95
normal,198.123.8.96
normal,198.123.8.97
normal,198.123.8.98
normal,198.123.8.99
normal,198.123.8.100
normal,198.123.8.101
normal,198.123.8.102
normal,198.123.8.103
normal,198.123.8.104
normal,198.123.8.105
normal,198.123.8.106
normal,198.123.8.107
normal,198.123.8.108
normal,198.123.8.109
normal,198.123.8.110
normal,198.123.8.111
normal,198.123.8.112
normal,198.123.8.113
normal,198.123.8.114
normal,198.123.8.115
normal,198.123.8.116
normal,198.123.8.117
normal,198.123.8.118
normal,198.123.8.119
normal,198.123.8.120
normal,198.123.8.121
normal,198.123.8.122
normal,198.123.8.123
normal,248.123.8.123
normal,249.123.8.123
normal,248.123.8.124
normal,249.123.8.124
normal,248.123.8.125
normal,249.123.8.125
normal,248.123.8.126
normal,249.123.8.126
normal,248.123.8.127
normal,249.123.8.127
normal,198.123.8.134
normal,198.123.8.135
normal,198.123.8.136
normal,198.123.8.137
normal,198.123.8.138
normal,198.123.8.139
normal,198.123.8.140
normal,198.123.8.141
normal,198.123.8.142
normal,198.123.8.143
normal,198.123.8.144
normal,198.123.8.145
normal,198.123.8.146
normal,198.123.8.147
normal,198.123.3.1
normal,198.123.3.2
normal,198.123.3.3
normal,198.123.3.4
normal,198.123.3.5
normal,198.123.3.6
normal,198.123.3.7
normal,198.123.3.8
normal,198.123.3.9
normal,198.123.3.10
normal,198.123.3.11
normal,198.123.3.12
normal,198.123.3.13
normal,198.123.3.14
normal,198.123.3.15
normal,198.123.3.16
normal,198.123.3.17
normal,198.123.3.18
normal,198.123.3.19
normal,198.123.3.20
normal,198.123.3.21
normal,198.123.3.22
normal,198.123.3.23
normal,198.123.3.24
normal,198.123.3.25
normal,198.123.3.26
normal,198.123.3.27
normal,198.123.3.28
normal,198.123.3.29
normal,198.123.3.30
normal,198.123.3.31
normal,198.123.3.32
normal,198.123.3.33
normal,198.123.3.34
normal,198.123.3.35
normal,198.123.3.36
normal,205.123.3.37
normal,206.123.3.37
normal,205.123.3.38
normal,206.123.3.38
normal,205.123.3.39
normal,206.123.3.39
normal,205.123.3.40
normal,206.123.3.40
normal,205.123.3.41
normal,206.123.3.41
normal,205.123.3.42
normal,206.123.3.42
normal,198.123.3.49
normal,198.123.3.50
normal,198.123.3.51
normal,198.123.3.52
normal,198.123.3.53
normal,198.123.3.54
normal,198.123.3.55
normal,198.123.3.56
normal,198.123.3.57
normal,198.123.3.58
normal,198.123.3.59
normal,198.123.3.60
normal,198.123.3.61
normal,192.168.15.6
normal,192.168.15.7
normal,192.168.15.8
normal,192.168.15.9
normal,192.168.15.10
normal,192.168.15.11
normal,192.168.15.12
normal,192.168.15.13
normal,192.168.15.14
normal,192.168.15.15
normal,192.168.15.16
normal,192.168.15.17
normal,192.168.15.18
normal,192.168.15.19
normal,192.168.15.20
normal,192.168.15.21
normal,192.168.15.22
normal,192.168.15.23
normal,192.168.15.24
normal,192.168.15.25
normal,192.168.15.26
normal,192.168.15.27
normal,192.168.15.28
normal,192.168.15.29
normal,192.168.15.30
normal,192.168.15.31
normal,192.168.15.32
normal,192.168.15.33
normal,192.168.15.34
normal,192.168.15.35
normal,192.168.15.36
normal,192.168.15.37
normal,192.168.15.38
normal,192.168.15.39
normal,192.168.15.40
normal,192.168.15.41
normal,192.168.15.42
normal,192.168.15.43
normal,192.168.15.44
normal,192.168.15.45
normal,192.168.15.46
normal,192.168.15.47
normal,192.168.15.48
normal,192.168.15.49
normal,192.168.15.50
normal,192.168.15.51
normal,192.168.15.52
normal,192.168.15.53
normal,192.168.15.54
normal,192.168.15.55
normal,192.168.15.56
normal,192.168.5.14
normal,240.168.5.15
normal,241.168.5.16
normal,242.168.5.17
normal,192.168.5.18
normal,192.168.5.19
normal,192.168.5.20
normal,192.168.5.21
normal,192.168.5.22
normal,192.168.5.23
normal,192.168.5.24
normal,192.168.5.25
normal,192.168.5.26
normal,192.168.5.27
normal,192.168.5.28
normal,192.168.5.29
normal,192.168.5.30
normal,192.168.5.31
normal,194.167.116.11
normal,194.108.204.22
normal,194.108.204.19
normal,192.168.2.44
normal,192.168.5.2
normal,192.168.2.9
normal,192.168.3.4
normal,192.168.22.20
normal,192.168.1.2
normal,192.168.54.3
normal,192.168.4.77
normal,192.168.42.77
normal,192.165.3.88
normal,192.162.6.3
normal,191.228.4.5
normal,191.66.88.293
normal,192.127.66.34
normal,192.128.66.24
normal,192.158.2.33
normal,192.155.1.22
normal,191.55.34.2
normal,192.67.45.2
normal,210.155.33.44
normal,201.168.7.33
normal,191.55.234.34
normal,192.128.27.44
normal,191.45.55.67
normal,192.34.57.44
normal,192.145.66.77
normal,191.55.155.46
normal,192.156.128.66
normal,193.145.66.3
normal,194.55.36.45
normal,198.165.55.44
normal,101.66.75.44
normal,197.45.66.73
normal,198.44.57.33
normal,192.151.12.3
normal,193.152.168.44
